A 1- Car Part,Mirror,Acura,2016,Japan
A 2- Car Parts,Mirror,Audi,2015,Germany
A 3- Car Parts,Mirror,BMW,2014,Germany
A 4- Car Parts,Mirror,Buick,2013,USA
A 5- Car Parts,Mirror,Mercedes,2012,Germany
A 6- Car Parts,Mirror,Dodge,2011,USA
A 7- Car Parts,Mirror,Ford,2010,USA
A 8- Car Parts,Mirror,GMC,2009,USA
A 9- Car Parts,Mirror,Hyunday,2008,Korea
A 10- Car Parts,Mirror,Infinity,2007,Japan
A 11- Car Parts,Mirror,Jaguar,2006,England
A 12- Car Parts,Mirror,Jeep,2005,USA
A 13- Car Parts,Mirror,Mazda,2004,Japan
A 14- Car Parts,Mirror,Lexus,2003,Japan
A 15- Car Parts,Mirror,Lincoln,2002,USA
A 16- Car Parts,Mirror,Toyota,2001,Japan
A 17- Car Parts,Mirror,Nissan,2000,Japan
A 18- Car Parts,Mirror,Honda,1999,Japan
A 19- Car Parts,Mirror,Chrysler,1998,USA
A 20- Car Parts,Mirror,Porsche,1997,Germany
B 21- Car Parts,Radiator,Acura,2016,Japan
B 22- Car Parts,Radiator,Audi,2015,Germany
B 23- Car Parts,Radiator,BMW,2014,Germany
B 24- Car Parts,Radiator,Buick,2013,USA
B 25- Car Parts,Radiator,Mercedes,2012,Germany
B 26- Car Parts,Radiator,Dodge,2011,USA
B 27- Car Parts,Radiator,Ford,2010,USA
B 28- Car Parts,Radiator,GMC,2009,USA
B 29- Car Parts,Radiator,Hyunday,2008,Korea
B 30- Car Parts,Radiator,Infinity,2007,Japan
B 31- Car Parts,Radiator,Jaguar,2006,England
B 32- Car Parts,Radiator,Jeep,2005,USA
B 33- Car Parts,Radiator,Mazda,2004,Japan
B 34- Car Parts,Radiator,Lexus,2003,Japan
B 35- Car Parts,Radiator,Lincoln,2002,USA
B 36- Car Parts,Radiator,Toyota,2001,Japan
B 37- Car Parts,Radiator,Nissan,2000,Japan
B 38- Car Parts,Radiator,Honda,1999,Japan
B 39- Car Parts,Radiator,Chrysler,1998,USA
B 40- Car Parts,Radiator,Porsche,1997,Germany
C 41- Car Parts,Headlights,Acura,2016,Japan
C 42- Car Parts,Headlights,Audi,2015,Germany
C 43- Car Parts,Headlights,BMW,2014,Germany
C 44- Car Parts,Headlights,Buick,2013,USA
C 45- Car Parts,Headlights,Mercedes,2012,Germany
C 46- Car Parts,Headlights,Dodge,2011,USA
C 47- Car Parts,Headlights,Ford,2010,USA
C 48- Car Parts,Headlights,GMC,2009,USA
C 49- Car Parts,Headlights,Hyunday,2008,Korea
C 50- Car Parts,Headlights,Infinity,2007,Japan
C 51- Car Parts,Headlights,Jaguar,2006,England
C 52- Car Parts,Headlights,Jeep,2005,USA
C 53- Car Parts,Headlights,Mazda,2004,Japan
C 54- Car Parts,Headlights,Lexus,2003,Japan
C 55- Car Parts,Headlights,Lincoln,2002,USA
C 56- Car Parts,Headlights,Toyota,2001,Japan
C 57- Car Parts,Headlights,Nissan,2000,Japan
C 58- Car Parts,Headlights,Honda,1999,Japan
C 59- Car Parts,Headlights,Chrysler,1998,USA
C 60- Car Parts,Headlights,Porsche,1997,Germany
D 61- Car Parts,Tail Lights,Acura,2016,Japan
D 62- Car Parts,Tail Lights,Audi,2015,Germany
D 63- Car Parts,Tail Lights,BMW,2014,Germany
D 64- Car Parts,Tail Lights,Buick,2013,USA
D 65- Car Parts,Tail Lights,Mercedes,2012,Germany
D 66- Car Parts,Tail Lights,Dodge,2011,USA
D 67- Car Parts,Tail Lights,Ford,2010,USA
D 68- Car Parts,Tail Lights,GMC,2009,USA
D 69- Car Parts,Tail Lights,Hyunday,2008,Korea
D 70- Car Parts,Tail Lights,Infinity,2007,Japan
D 71- Car Parts,Tail Lights,Jaguar,2006,England
D 72- Car Parts,Tail Lights,Jeep,2005,USA
D 73- Car Parts,Tail Lights,Mazda,2004,Japan
D 74- Car Parts,Tail Lights,Lexus,2003,Japan
D 75- Car Parts,Tail Lights,Lincoln,2002,USA
D 76- Car Parts,Tail Lights,Toyota,2001,Japan
D 77- Car Parts,Tail Lights,Nissan,2000,Japan
D 78- Car Parts,Tail Lights,Honda,1999,Japan
D 79- Car Parts,Tail Lights,Chrysler,1998,USA
D 80- Car Parts,Tail Lights,Porsche,1997,Germany
E 81- Car Parts,Wheels,Acura,2016,Japan
E 82- Car Parts,Wheels,Audi,2015,Germany
E 83- Car Parts,Wheels,BMW,2014,Germany
E 84- Car Parts,Wheels,Buick,2013,USA
E 85- Car Parts,Wheels,Mercedes,2012,Germany
E 86- Car Parts,Wheels,Dodge,2011,USA
E 87- Car Parts,Wheels,Ford,2010,USA
E 88- Car Parts,Wheels,GMC,2009,USA
E 89- Car Parts,Wheels,Hyunday,2008,Korea
E 90- Car Parts,Wheels,Infinity,2007,Japan
E 91- Car Parts,Wheels,Jaguar,2006,England
E 92- Car Parts,Wheels,Jeep,2005,USA
E 93- Car Parts,Wheels,Mazda,2004,Japan
E 94- Car Parts,Wheels,Lexus,2003,Japan
E 95- Car Parts,Wheels,Lincoln,2002,USA
E 96- Car Parts,Wheels,Toyota,2001,Japan
E 97- Car Parts,Wheels,Nissan,2000,Japan
E 98- Car Parts,Wheels,Honda,1999,Japan
E 99- Car Parts,Wheels,Chrysler,1998,USA
E 100- Car Parts,Wheels,Porsche,1997,Germany
F 101- Car Parts,Windscreen wiper,Acura,2016,Japan
F 102- Car Parts,Windscreen wiper,Audi,2015,Germany
F 103- Car Parts,Windscreen wiper,BMW,2014,Germany
F 104- Car Parts,Windscreen wiper,Buick,2013,USA
F 105- Car Parts,Windscreen wiper,Mercedes,2012,Germany
F 106- Car Parts,Windscreen wiper,Dodge,2011,USA
F 107- Car Parts,Windscreen wiper,Ford,2010,USA
F 108- Car Parts,Windscreen wiper,GMC,2009,USA
F 109- Car Parts,Windscreen wiper,Hyunday,2008,Korea
F 110- Car Parts,Windscreen wiper,Infinity,2007,Japan
F 111- Car Parts,Windscreen wiper,Jaguar,2006,England
F 112- Car Parts,Windscreen wiper,Jeep,2005,USA
F 113- Car Parts,Windscreen wiper,Mazda,2004,Japan
F 114- Car Parts,Windscreen wiper,Lexus,2003,Japan
F 115- Car Parts,Windscreen wiper,Lincoln,2002,USA
F 116- Car Parts,Windscreen wiper,Toyota,2001,Japan
F 117- Car Parts,Windscreen wiper,Nissan,2000,Japan
F 118- Car Parts,Windscreen wiper,Honda,1999,Japan
F 119- Car Parts,Windscreen wiper,Chrysler,1998,USA
F 120- Car Parts,Windscreen wiper,Porsche,1997,Germany
G 121- Car Parts,Dashboard,Acura,2016,Japan
G 122- Car Parts,Dashboard,Audi,2015,Germany
G 123- Car Parts,Dashboard,BMW,2014,Germany
G 124- Car Parts,Dashboard,Buick,2013,USA
G 125- Car Parts,Dashboard,Mercedes,2012,Germany
G 126- Car Parts,Dashboard,Dodge,2011,USA
G 127- Car Parts,Dashboard,Ford,2010,USA
G 128- Car Parts,Dashboard,GMC,2009,USA
G 129- Car Parts,Dashboard,Hyunday,2008,Korea
G 130- Car Parts,Dashboard,Infinity,2007,Japan
G 131- Car Parts,Dashboard,Jaguar,2006,England
G 132- Car Parts,Dashboard,Jeep,2005,USA
G 133- Car Parts,Dashboard,Mazda,2004,Japan
G 134- Car Parts,Dashboard,Lexus,2003,Japan
G 135- Car Parts,Dashboard,Lincoln,2002,USA
G 136- Car Parts,Dashboard,Toyota,2001,Japan
G 137- Car Parts,Dashboard,Nissan,2000,Japan
G 138- Car Parts,Dashboard,Honda,1999,Japan
G 139- Car Parts,Dashboard,Chrysler,1998,USA
G 140- Car Parts,Dashboard,Porsche,1997,Germany
H 141- Car Parts,Headrest,Acura,2016,Japan
H 142- Car Parts,Headrest,Audi,2015,Germany
H 143- Car Parts,Headrest,BMW,2014,Germany
H 144- Car Parts,Headrest,Buick,2013,USA
H 145- Car Parts,Headrest,Mercedes,2012,Germany
H 146- Car Parts,Headrest,Dodge,2011,USA
H 147- Car Parts,Headrest,Ford,2010,USA
H 148- Car Parts,Headrest,GMC,2009,USA
H 149- Car Parts,Headrest,Hyunday,2008,Korea
H 150- Car Parts,Headrest,Infinity,2007,Japan
H 151- Car Parts,Headrest,Jaguar,2006,England
H 152- Car Parts,Headrest,Jeep,2005,USA
H 153- Car Parts,Headrest,Mazda,2004,Japan
H 154- Car Parts,Headrest,Lexus,2003,Japan
H 155- Car Parts,Headrest,Lincoln,2002,USA
H 156- Car Parts,Headrest,Toyota,2001,Japan
H 157- Car Parts,Headrest,Nissan,2000,Japan
H 158- Car Parts,Headrest,Honda,1999,Japan
H 159- Car Parts,Headrest,Chrysler,1998,USA
H 160- Car Parts,Headrest,Porsche,1997,Germany
I 161- Car Parts,Brake,Acura,2016,Japan
I 162- Car Parts,Brake,Audi,2015,Germany
I 163- Car Parts,Brake,BMW,2014,Germany
I 164- Car Parts,Brake,Buick,2013,USA
I 165- Car Parts,Brake,Mercedes,2012,Germany
I 166- Car Parts,Brake,Dodge,2011,USA
I 167- Car Parts,Brake,Ford,2010,USA
I 168- Car Parts,Brake,GMC,2009,USA
I 169- Car Parts,Brake,Hyunday,2008,Korea
I 170- Car Parts,Brake,Infinity,2007,Japan
I 171- Car Parts,Brake,Jaguar,2006,England
I 172- Car Parts,Brake,Jeep,2005,USA
I 173- Car Parts,Brake,Mazda,2004,Japan
I 174- Car Parts,Brake,Lexus,2003,Japan
I 175- Car Parts,Brake,Lincoln,2002,USA
I 176- Car Parts,Brake,Toyota,2001,Japan
I 177- Car Parts,Brake,Nissan,2000,Japan
I 178- Car Parts,Brake,Honda,1999,Japan
I 179- Car Parts,Brake,Chrysler,1998,USA
I 180- Car Parts,Brake,Porsche,1997,Germany
J 181- Car Parts,Clutch,Acura,2016,Japan
J 182- Car Parts,Clutch,Audi,2015,Germany
J 183- Car Parts,Clutch,BMW,2014,Germany
J 184- Car Parts,Clutch,Buick,2013,USA
J 185- Car Parts,Clutch,Mercedes,2012,Germany
J 186- Car Parts,Clutch,Dodge,2011,USA
J 187- Car Parts,Clutch,Ford,2010,USA
J 188- Car Parts,Clutch,GMC,2009,USA
J 189- Car Parts,Clutch,Hyunday,2008,Korea
J 190- Car Parts,Clutch,Infinity,2007,Japan
J 191- Car Parts,Clutch,Jaguar,2006,England
J 192- Car Parts,Clutch,Jeep,2005,USA
J 193- Car Parts,Clutch,Mazda,2004,Japan
J 194- Car Parts,Clutch,Lexus,2003,Japan
J 195- Car Parts,Clutch,Lincoln,2002,USA
J 196- Car Parts,Clutch,Toyota,2001,Japan
J 197- Car Parts,Clutch,Nissan,2000,Japan
J 198- Car Parts,Clutch,Honda,1999,Japan
J 199- Car Parts,Clutch,Chrysler,1998,USA
J 200- Car Parts,Clutch,Porsche,1997,Germany
K 201- Car Parts,Handbrake,Acura,2016,Japan
K 202- Car Parts,Handbrake,Audi,2015,Germany
K 203- Car Parts,Handbrake,BMW,2014,Germany
K 204- Car Parts,Handbrake,Buick,2013,USA
K 205- Car Parts,Handbrake,Mercedes,2012,Germany
K 206- Car Parts,Handbrake,Dodge,2011,USA
K 207- Car Parts,Handbrake,Ford,2010,USA
K 208- Car Parts,Handbrake,GMC,2009,USA
K 209- Car Parts,Handbrake,Hyunday,2008,Korea
K 210- Car Parts,Handbrake,Infinity,2007,Japan
K 211- Car Parts,Handbrake,Jaguar,2006,England
K 212- Car Parts,Handbrake,Jeep,2005,USA
K 213- Car Parts,Handbrake,Mazda,2004,Japan
K 214- Car Parts,Handbrake,Lexus,2003,Japan
K 215- Car Parts,Handbrake,Lincoln,2002,USA
K 216- Car Parts,Handbrake,Toyota,2001,Japan
K 217- Car Parts,Handbrake,Nissan,2000,Japan
K 218- Car Parts,Handbrake,Honda,1999,Japan
K 219- Car Parts,Handbrake,Chrysler,1998,USA
K 220- Car Parts,Handbrake,Porsche,1997,Germany
L 221- Car Parts,Disk Brake,Acura,2016,Japan
L 222- Car Parts,Disk Brake,Audi,2015,Germany
L 223- Car Parts,Disk Brake,BMW,2014,Germany
L 224- Car Parts,Disk Brake,Buick,2013,USA
L 225- Car Parts,Disk Brake,Mercedes,2012,Germany
L 226- Car Parts,Disk Brake,Dodge,2011,USA
L 227- Car Parts,Disk Brake,Ford,2010,USA
L 228- Car Parts,Disk Brake,GMC,2009,USA
L 229- Car Parts,Disk Brake,Hyunday,2008,Korea
L 230- Car Parts,Disk Brake,Infinity,2007,Japan
L 231- Car Parts,Disk Brake,Jaguar,2006,England
L 232- Car Parts,Disk Brake,Jeep,2005,USA
L 233- Car Parts,Disk Brake,Mazda,2004,Japan
L 234- Car Parts,Disk Brake,Lexus,2003,Japan
L 235- Car Parts,Disk Brake,Lincoln,2002,USA
L 236- Car Parts,Disk Brake,Toyota,2001,Japan
L 237- Car Parts,Disk Brake,Nissan,2000,Japan
L 238- Car Parts,Disk Brake,Honda,1999,Japan
L 239- Car Parts,Disk Brake,Chrysler,1998,USA
L 240- Car Parts,Disk Brake,Porsche,1997,Germany
M 241- Car Parts,Transmission,Acura,2016,Japan
M 242- Car Parts,Transmission,Audi,2015,Germany
M 243- Car Parts,Transmission,BMW,2014,Germany
M 244- Car Parts,Transmission,Buick,2013,USA
M 245- Car Parts,Transmission,Mercedes,2012,Germany
M 246- Car Parts,Transmission,Dodge,2011,USA
M 247- Car Parts,Transmission,Ford,2010,USA
M 248- Car Parts,Transmission,GMC,2009,USA
M 249- Car Parts,Transmission,Hyunday,2008,Korea
M 250- Car Parts,Transmission,Infinity,2007,Japan
M 251- Car Parts,Transmission,Jaguar,2006,England
M 252- Car Parts,Transmission,Jeep,2005,USA
M 253- Car Parts,Transmission,Mazda,2004,Japan
M 254- Car Parts,Transmission,Lexus,2003,Japan
M 255- Car Parts,Transmission,Lincoln,2002,USA
M 256- Car Parts,Transmission,Toyota,2001,Japan
M 257- Car Parts,Transmission,Nissan,2000,Japan
M 258- Car Parts,Transmission,Honda,1999,Japan
M 259- Car Parts,Transmission,Chrysler,1998,USA
M 260- Car Parts,Transmission,Porsche,1997,Germany
N 261- Car Parts,Battery,Acura,2016,Japan
N 262- Car Parts,Battery,Audi,2015,Germany
N 263- Car Parts,Battery,BMW,2014,Germany
N 264- Car Parts,Battery,Buick,2013,USA
N 265- Car Parts,Battery,Mercedes,2012,Germany
N 266- Car Parts,Battery,Dodge,2011,USA
N 267- Car Parts,Battery,Ford,2010,USA
N 268- Car Parts,Battery,GMC,2009,USA
N 269- Car Parts,Battery,Hyunday,2008,Korea
N 270- Car Parts,Battery,Infinity,2007,Japan
N 271- Car Parts,Battery,Jaguar,2006,England
N 272- Car Parts,Battery,Jeep,2005,USA
N 273- Car Parts,Battery,Mazda,2004,Japan
N 274- Car Parts,Battery,Lexus,2003,Japan
N 275- Car Parts,Battery,Lincoln,2002,USA
N 276- Car Parts,Battery,Toyota,2001,Japan
N 277- Car Parts,Battery,Nissan,2000,Japan
N 278- Car Parts,Battery,Honda,1999,Japan
N 279- Car Parts,Battery,Chrysler,1998,USA
N 280- Car Parts,Battery,Porsche,1997,Germany
O 281- Car Parts,Seat Belts,Acura,2016,Japan
O 282- Car Parts,Seat Belts,Audi,2015,Germany
O 283- Car Parts,Seat Belts,BMW,2014,Germany
O 284- Car Parts,Seat Belts,Buick,2013,USA
O 285- Car Parts,Seat Belts,Mercedes,2012,Germany
O 286- Car Parts,Seat Belts,Dodge,2011,USA
O 287- Car Parts,Seat Belts,Ford,2010,USA
O 288- Car Parts,Seat Belts,GMC,2009,USA
O 289- Car Parts,Seat Belts,Hyunday,2008,Korea
O 290- Car Parts,Seat Belts,Infinity,2007,Japan
O 291- Car Parts,Seat Belts,Jaguar,2006,England
O 292- Car Parts,Seat Belts,Jeep,2005,USA
O 293- Car Parts,Seat Belts,Mazda,2004,Japan
O 294- Car Parts,Seat Belts,Lexus,2003,Japan
O 295- Car Parts,Seat Belts,Lincoln,2002,USA
O 296- Car Parts,Seat Belts,Toyota,2001,Japan
O 297- Car Parts,Seat Belts,Nissan,2000,Japan
O 298- Car Parts,Seat Belts,Honda,1999,Japan
O 299- Car Parts,Seat Belts,Chrysler,1998,USA
O 300- Car Parts,Seat Belts,Porsche,1997,Germany
P 301- Car Parts,Alternator,Acura,2016,Japan
P 302- Car Parts,Alternator,Audi,2015,Germany
P 303- Car Parts,Alternator,BMW,2014,Germany
P 304- Car Parts,Alternator,Buick,2013,USA
P 305- Car Parts,Alternator,Mercedes,2012,Germany
P 306- Car Parts,Alternator,Dodge,2011,USA
P 307- Car Parts,Alternator,Ford,2010,USA
P 308- Car Parts,Alternator,GMC,2009,USA
P 309- Car Parts,Alternator,Hyunday,2008,Korea
P 310- Car Parts,Alternator,Infinity,2007,Japan
P 311- Car Parts,Alternator,Jaguar,2006,England
P 312- Car Parts,Alternator,Jeep,2005,USA
P 313- Car Parts,Alternator,Mazda,2004,Japan
P 314- Car Parts,Alternator,Lexus,2003,Japan
P 315- Car Parts,Alternator,Lincoln,2002,USA
P 316- Car Parts,Alternator,Toyota,2001,Japan
P 317- Car Parts,Alternator,Nissan,2000,Japan
P 318- Car Parts,Alternator,Honda,1999,Japan
P 319- Car Parts,Alternator,Chrysler,1998,USA
P 320- Car Parts,Alternator,Porsche,1997,Germany
Q 321- Car Parts,Oil Filter,Acura,2016,Japan
Q 322- Car Parts,Oil Filter,Audi,2015,Germany
Q 323- Car Parts,Oil Filter,BMW,2014,Germany
Q 324- Car Parts,Oil Filter,Buick,2013,USA
Q 325- Car Parts,Oil Filter,Mercedes,2012,Germany
Q 326- Car Parts,Oil Filter,Dodge,2011,USA
Q 327- Car Parts,Oil Filter,Ford,2010,USA
Q 328- Car Parts,Oil Filter,GMC,2009,USA
Q 329- Car Parts,Oil Filter,Hyunday,2008,Korea
Q 330- Car Parts,Oil Filter,Infinity,2007,Japan
Q 331- Car Parts,Oil Filter,Jaguar,2006,England
Q 332- Car Parts,Oil Filter,Jeep,2005,USA
Q 333- Car Parts,Oil Filter,Mazda,2004,Japan
Q 334- Car Parts,Oil Filter,Lexus,2003,Japan
Q 335- Car Parts,Oil Filter,Lincoln,2002,USA
Q 336- Car Parts,Oil Filter,Toyota,2001,Japan
Q 337- Car Parts,Oil Filter,Nissan,2000,Japan
Q 338- Car Parts,Oil Filter,Honda,1999,Japan
Q 339- Car Parts,Oil Filter,Chrysler,1998,USA
Q 340- Car Parts,Oil Filter,Porsche,1997,Germany
R 341- Car Parts,Door Handle,Acura,2016,Japan
R 342- Car Parts,Door Handle,Audi,2015,Germany
R 343- Car Parts,Door Handle,BMW,2014,Germany
R 344- Car Parts,Door Handle,Buick,2013,USA
R 345- Car Parts,Door Handle,Mercedes,2012,Germany
R 346- Car Parts,Door Handle,Dodge,2011,USA
R 347- Car Parts,Door Handle,Ford,2010,USA
R 348- Car Parts,Door Handle,GMC,2009,USA
R 349- Car Parts,Door Handle,Hyunday,2008,Korea
R 350- Car Parts,Door Handle,Infinity,2007,Japan
R 351- Car Parts,Door Handle,Jaguar,2006,England
R 352- Car Parts,Door Handle,Jeep,2005,USA
R 353- Car Parts,Door Handle,Mazda,2004,Japan
R 354- Car Parts,Door Handle,Lexus,2003,Japan
R 355- Car Parts,Door Handle,Lincoln,2002,USA
R 356- Car Parts,Door Handle,Toyota,2001,Japan
R 357- Car Parts,Door Handle,Nissan,2000,Japan
R 358- Car Parts,Door Handle,Honda,1999,Japan
R 359- Car Parts,Door Handle,Chrysler,1998,USA
R 360- Car Parts,Door Handle,Porsche,1997,Germany
S 361- Car Parts,Air Vent,Acura,2016,Japan
S 362- Car Parts,Air Vent,Audi,2015,Germany
S 363- Car Parts,Air Vent,BMW,2014,Germany
S 364- Car Parts,Air Vent,Buick,2013,USA
S 365- Car Parts,Air Vent,Mercedes,2012,Germany
S 366- Car Parts,Air Vent,Dodge,2011,USA
S 367- Car Parts,Air Vent,Ford,2010,USA
S 368- Car Parts,Air Vent,GMC,2009,USA
S 369- Car Parts,Air Vent,Hyunday,2008,Korea
S 370- Car Parts,Air Vent,Infinity,2007,Japan
S 371- Car Parts,Air Vent,Jaguar,2006,England
S 372- Car Parts,Air Vent,Jeep,2005,USA
S 373- Car Parts,Air Vent,Mazda,2004,Japan
S 374- Car Parts,Air Vent,Lexus,2003,Japan
S 375- Car Parts,Air Vent,Lincoln,2002,USA
S 376- Car Parts,Air Vent,Toyota,2001,Japan
S 377- Car Parts,Air Vent,Nissan,2000,Japan
S 378- Car Parts,Air Vent,Honda,1999,Japan
S 379- Car Parts,Air Vent,Chrysler,1998,USA
S 380- Car Parts,Air Vent,Porsche,1997,Germany
T 381- Car Parts,Gas Pedal,Acura,2016,Japan
T 382- Car Parts,Gas Pedal,Audi,2015,Germany
T 383- Car Parts,Gas Pedal,BMW,2014,Germany
T 384- Car Parts,Gas Pedal,Buick,2013,USA
T 385- Car Parts,Gas Pedal,Mercedes,2012,Germany
T 386- Car Parts,Gas Pedal,Dodge,2011,USA
T 387- Car Parts,Gas Pedal,Ford,2010,USA
T 388- Car Parts,Gas Pedal,GMC,2009,USA
T 389- Car Parts,Gas Pedal,Hyunday,2008,Korea
T 390- Car Parts,Gas Pedal,Infinity,2007,Japan
T 391- Car Parts,Gas Pedal,Jaguar,2006,England
T 392- Car Parts,Gas Pedal,Jeep,2005,USA
T 393- Car Parts,Gas Pedal,Mazda,2004,Japan
T 394- Car Parts,Gas Pedal,Lexus,2003,Japan
T 395- Car Parts,Gas Pedal,Lincoln,2002,USA
T 396- Car Parts,Gas Pedal,Toyota,2001,Japan
T 397- Car Parts,Gas Pedal,Nissan,2000,Japan
T 398- Car Parts,Gas Pedal,Honda,1999,Japan
T 399- Car Parts,Gas Pedal,Chrysler,1998,USA
T 400- Car Parts,Gas Pedal,Porsche,1997,Germany
U 401- Car Parts,Visor,Acura,2016,Japan
U 402- Car Parts,Visor,Audi,2015,Germany
U 403- Car Parts,Visor,BMW,2014,Germany
U 404- Car Parts,Visor,Buick,2013,USA
U 405- Car Parts,Visor,Mercedes,2012,Germany
U 406- Car Parts,Visor,Dodge,2011,USA
U 407- Car Parts,Visor,Ford,2010,USA
U 408- Car Parts,Visor,GMC,2009,USA
U 409- Car Parts,Visor,Hyunday,2008,Korea
U 410- Car Parts,Visor,Infinity,2007,Japan
U 411- Car Parts,Visor,Jaguar,2006,England
U 412- Car Parts,Visor,Jeep,2005,USA
U 413- Car Parts,Visor,Mazda,2004,Japan
U 414- Car Parts,Visor,Lexus,2003,Japan
U 415- Car Parts,Visor,Lincoln,2002,USA
U 416- Car Parts,Visor,Toyota,2001,Japan
U 417- Car Parts,Visor,Nissan,2000,Japan
U 418- Car Parts,Visor,Honda,1999,Japan
U 419- Car Parts,Visor,Chrysler,1998,USA
U 420- Car Parts,Visor,Porsche,1997,Germany
V 421- Car Parts,Step Bumpers,Acura,2016,Japan
V 422- Car Parts,Step Bumpers,Audi,2015,Germany
V 423- Car Parts,Step Bumpers,BMW,2014,Germany
V 424- Car Parts,Step Bumpers,Buick,2013,USA
V 425- Car Parts,Step Bumpers,Mercedes,2012,Germany
V 426- Car Parts,Step Bumpers,Dodge,2011,USA
V 427- Car Parts,Step Bumpers,Ford,2010,USA
V 428- Car Parts,Step Bumpers,GMC,2009,USA
V 429- Car Parts,Step Bumpers,Hyunday,2008,Korea
V 430- Car Parts,Step Bumpers,Infinity,2007,Japan
V 431- Car Parts,Step Bumpers,Jaguar,2006,England
V 432- Car Parts,Step Bumpers,Jeep,2005,USA
V 433- Car Parts,Step Bumpers,Mazda,2004,Japan
V 434- Car Parts,Step Bumpers,Lexus,2003,Japan
V 435- Car Parts,Step Bumpers,Lincoln,2002,USA
V 436- Car Parts,Step Bumpers,Toyota,2001,Japan
V 437- Car Parts,Step Bumpers,Nissan,2000,Japan
V 438- Car Parts,Step Bumpers,Honda,1999,Japan
V 439- Car Parts,Step Bumpers,Chrysler,1998,USA
V 440- Car Parts,Step Bumpers,Porsche,1997,Germany
W 441- Car Parts,Grilles,Acura,2016,Japan
W 442- Car Parts,Grilles,Audi,2015,Germany
W 443- Car Parts,Grilles,BMW,2014,Germany
W 444- Car Parts,Grilles,Buick,2013,USA
W 445- Car Parts,Grilles,Mercedes,2012,Germany
W 446- Car Parts,Grilles,Dodge,2011,USA
W 447- Car Parts,Grilles,Ford,2010,USA
W 448- Car Parts,Grilles,GMC,2009,USA
W 449- Car Parts,Grilles,Hyunday,2008,Korea
W 450- Car Parts,Grilles,Infinity,2007,Japan
W 451- Car Parts,Grilles,Jaguar,2006,England
W 452- Car Parts,Grilles,Jeep,2005,USA
W 453- Car Parts,Grilles,Mazda,2004,Japan
W 454- Car Parts,Grilles,Lexus,2003,Japan
W 455- Car Parts,Grilles,Lincoln,2002,USA
W 456- Car Parts,Grilles,Toyota,2001,Japan
W 457- Car Parts,Grilles,Nissan,2000,Japan
W 458- Car Parts,Grilles,Honda,1999,Japan
W 459- Car Parts,Grilles,Chrysler,1998,USA
W 460- Car Parts,Grilles,Porsche,1997,Germany
X 461- Car Parts,Bumpers,Acura,2016,Japan
X 462- Car Parts,Bumpers,Audi,2015,Germany
X 463- Car Parts,Bumpers,BMW,2014,Germany
X 464- Car Parts,Bumpers,Buick,2013,USA
X 465- Car Parts,Bumpers,Mercedes,2012,Germany
X 466- Car Parts,Bumpers,Dodge,2011,USA
X 467- Car Parts,Bumpers,Ford,2010,USA
X 468- Car Parts,Bumpers,GMC,2009,USA
X 469- Car Parts,Bumpers,Hyunday,2008,Korea
X 470- Car Parts,Bumpers,Infinity,2007,Japan
X 471- Car Parts,Bumpers,Jaguar,2006,England
X 472- Car Parts,Bumpers,Jeep,2005,USA
X 473- Car Parts,Bumpers,Mazda,2004,Japan
X 474- Car Parts,Bumpers,Lexus,2003,Japan
X 475- Car Parts,Bumpers,Lincoln,2002,USA
X 476- Car Parts,Bumpers,Toyota,2001,Japan
X 477- Car Parts,Bumpers,Nissan,2000,Japan
X 478- Car Parts,Bumpers,Honda,1999,Japan
X 479- Car Parts,Bumpers,Chrysler,1998,USA
X 480- Car Parts,Bumpers,Porsche,1997,Germany
Y 481- Car Parts,Fenders,Acura,2016,Japan
Y 482- Car Parts,Fenders,Audi,2015,Germany
Y 483- Car Parts,Fenders,BMW,2014,Germany
Y 484- Car Parts,Fenders,Buick,2013,USA
Y 485- Car Parts,Fenders,Mercedes,2012,Germany
Y 486- Car Parts,Fenders,Dodge,2011,USA
Y 487- Car Parts,Fenders,Ford,2010,USA
Y 488- Car Parts,Fenders,GMC,2009,USA
Y 489- Car Parts,Fenders,Hyunday,2008,Korea
Y 490- Car Parts,Fenders,Infinity,2007,Japan
Y 491- Car Parts,Fenders,Jaguar,2006,England
Y 492- Car Parts,Fenders,Jeep,2005,USA
Y 493- Car Parts,Fenders,Mazda,2004,Japan
Y 494- Car Parts,Fenders,Lexus,2003,Japan
Y 495- Car Parts,Fenders,Lincoln,2002,USA
Y 496- Car Parts,Fenders,Toyota,2001,Japan
Y 497- Car Parts,Fenders,Nissan,2000,Japan
Y 498- Car Parts,Fenders,Honda,1999,Japan
Y 499- Car Parts,Fenders,Chrysler,1998,USA
Y 500- Car Parts,Fenders,Porsche,1997,Germany
Z 501- Car Parts,Tailgates Trunk lids,Acura,2016,Japan
Z 502- Car Parts,Tailgates Trunk lids,Audi,2015,Germany
Z 503- Car Parts,Tailgates Trunk lids,BMW,2014,Germany
Z 504- Car Parts,Tailgates Trunk lids,Buick,2013,USA
Z 505- Car Parts,Tailgates Trunk lids,Mercedes,2012,Germany
Z 506- Car Parts,Tailgates Trunk lids,Dodge,2011,USA
Z 507- Car Parts,Tailgates Trunk lids,Ford,2010,USA
Z 508- Car Parts,Tailgates Trunk lids,GMC,2009,USA
Z 509- Car Parts,Tailgates Trunk lids,Hyunday,2008,Korea
Z 510- Car Parts,Tailgates Trunk lids,Infinity,2007,Japan
Z 511- Car Parts,Tailgates Trunk lids,Jaguar,2006,England
Z 512- Car Parts,Tailgates Trunk lids,Jeep,2005,USA
Z 513- Car Parts,Tailgates Trunk lids,Mazda,2004,Japan
Z 514- Car Parts,Tailgates Trunk lids,Lexus,2003,Japan
Z 515- Car Parts,Tailgates Trunk lids,Lincoln,2002,USA
Z 516- Car Parts,Tailgates Trunk lids,Toyota,2001,Japan
Z 517- Car Parts,Tailgates Trunk lids,Nissan,2000,Japan
Z 518- Car Parts,Tailgates Trunk lids,Honda,1999,Japan
Z 519- Car Parts,Tailgates Trunk lids,Chrysler,1998,USA
Z 520- Car Parts,Tailgates Trunk lids,Porsche,1997,Germany